"test","rps","avg_latency_ms","min_latency_ms","p50_latency_ms","p95_latency_ms","p99_latency_ms","max_latency_ms","server_cpu_pct"
"LPUSH","92764.38","1.37","0.22","0.85","1.16","1.38","264.70",47
"SADD","120048.02","0.90","0.23","0.85","1.26","1.72","3.21",47
"LPUSH (needed to benchmark LRANGE)","164473.69","0.65","0.22","0.73","1.09","1.50","2.67",47
"LRANGE_100 (first 100 elements)","77579.52","1.30","0.66","1.29","1.40","1.79","2.83",47
"RPUSH mylist__rand_int__ val","132275.14","0.85","0.23","0.80","1.38","1.77","3.33",47
"LPOP mylist__rand_int__","190839.70","0.54","0.26","0.44","0.90","1.14","2.08",45
"RPOP mylist__rand_int__","126422.25","0.85","0.26","0.81","1.10","1.61","3.49",46
"LLEN mylist__rand_int__","101626.02","1.19","0.22","0.87","1.65","9.61","22.21",40
"SCARD myset__rand_int__","138504.16","0.73","0.26","0.80","0.87","0.93","1.61",44
